{
  "run_id": "batch_20260531_125723",
  "timestamp": "2026-05-31T16:57:24.355487Z",
  "methods": [
    "band_crop_vlm_cloud",
    "layout_guided_vlm_cloud",
    "layout_guided_vlm_local",
    "ocr_only",
    "ppocr_grid",
    "vlm_full_page"
  ],
  "config_snapshot": {
    "evaluation": {
      "hours_tolerance_minutes": 15,
      "time_tolerance_minutes": 30
    }
  },
  "aggregate": {
    "band_crop_vlm_cloud": {
      "gt_hours_accuracy": 0.8542569898772906,
      "gt_time_in_accuracy": 0.7510695366663411,
      "gt_time_out_accuracy": 0.751935337532142,
      "fully_correct_rate": 0.7552362033330079,
      "hours_mismatch_rate": 0.1067003367003367,
      "total_files": 30,
      "total_rows": 216,
      "gt_matched_rows": 171,
      "accepted_rows": 180,
      "flagged_rows": 36
    },
    "layout_guided_vlm_cloud": {
      "gt_hours_accuracy": 0.7921589688506981,
      "gt_time_in_accuracy": 0.6924946294307197,
      "gt_time_out_accuracy": 0.6828007518796992,
      "fully_correct_rate": 0.687562656641604,
      "hours_mismatch_rate": 0.10173992673992675,
      "total_files": 30,
      "total_rows": 197,
      "gt_matched_rows": 155,
      "accepted_rows": 165,
      "flagged_rows": 32
    },
    "layout_guided_vlm_local": {
      "gt_hours_accuracy": 0.5849460724460724,
      "gt_time_in_accuracy": 0.5931420431420431,
      "gt_time_out_accuracy": 0.5486975986975987,
      "fully_correct_rate": 0.5004171754171753,
      "hours_mismatch_rate": 0.2698247450127149,
      "total_files": 21,
      "total_rows": 146,
      "gt_matched_rows": 108,
      "accepted_rows": 116,
      "flagged_rows": 30
    },
    "ocr_only": {
      "gt_hours_accuracy": 0.42666666666666664,
      "gt_time_in_accuracy": 0.36,
      "gt_time_out_accuracy": 0.4166666666666667,
      "fully_correct_rate": 0.13333333333333333,
      "hours_mismatch_rate": 0.8833333333333334,
      "total_files": 10,
      "total_rows": 29,
      "gt_matched_rows": 29,
      "accepted_rows": 6,
      "flagged_rows": 23
    },
    "ppocr_grid": {
      "gt_hours_accuracy": 0.4458333333333333,
      "gt_time_in_accuracy": 0.3833333333333333,
      "gt_time_out_accuracy": 0.34722222222222227,
      "fully_correct_rate": 0.19444444444444445,
      "hours_mismatch_rate": 0.7307692307692307,
      "total_files": 13,
      "total_rows": 37,
      "gt_matched_rows": 36,
      "accepted_rows": 6,
      "flagged_rows": 31
    },
    "vlm_full_page": {
      "gt_hours_accuracy": 0.6722470238095238,
      "gt_time_in_accuracy": 0.6112351190476191,
      "gt_time_out_accuracy": 0.5044642857142857,
      "fully_correct_rate": 0.48400297619047616,
      "hours_mismatch_rate": 0.261984126984127,
      "total_files": 20,
      "total_rows": 110,
      "gt_matched_rows": 85,
      "accepted_rows": 88,
      "flagged_rows": 22
    }
  },
  "per_method_file_count": {
    "band_crop_vlm_cloud": 30,
    "layout_guided_vlm_cloud": 30,
    "layout_guided_vlm_local": 21,
    "ocr_only": 10,
    "ppocr_grid": 13,
    "vlm_full_page": 20
  }
}